model,model_type,role,name,seed,co-bps,vel R2,psth R2,params
baseline,stndt_lite,single_aggregate,depth5_dropout08,mean,0.3710741039354095,0.8947535759507425,,"{""gate_mean"": 0.3765, ""max_co_bps"": 0.3721634307217914, ""mean_co_bps"": 0.3710741039354095, ""min_co_bps"": 0.370496238239285, ""min_repeats_above"": 2, ""passes_gate"": false, ""repeats"": 3, ""repeats_above_gate"": 0, ""std_co_bps"": 0.0007707472688099252}"
improved,stndt_lite,ensemble_aggregate,lr0013_depth5_spike125,mean,0.37466010304140157,0.901535809543457,,"{""gate_mean"": 0.3765, ""max_co_bps"": 0.37528137406517853, ""mean_co_bps"": 0.37466010304140157, ""min_co_bps"": 0.37413011433340826, ""min_repeats_above"": 2, ""passes_gate"": false, ""repeats"": 3, ""repeats_above_gate"": 0, ""std_co_bps"": 0.0004744112761307874}"
aggregate,stndt_lite,ensemble_aggregate,depth5_depth5_cosine_warmup5_pair,mean,0.37098157016830924,0.8984982705088377,,"{""gate_mean"": 0.3765, ""max_co_bps"": 0.3715228113996872, ""mean_co_bps"": 0.37098157016830924, ""min_co_bps"": 0.37044527694244755, ""min_repeats_above"": 2, ""passes_gate"": false, ""repeats"": 3, ""repeats_above_gate"": 0, ""std_co_bps"": 0.000439915513633861}"
aggregate,stndt_lite,ensemble_aggregate,depth5_depth5_spike125_pair,mean,0.37235594422957097,0.8973987406017763,,"{""gate_mean"": 0.3765, ""max_co_bps"": 0.3727679460413012, ""mean_co_bps"": 0.37235594422957097, ""min_co_bps"": 0.3719758737335705, ""min_repeats_above"": 2, ""passes_gate"": false, ""repeats"": 3, ""repeats_above_gate"": 0, ""std_co_bps"": 0.0003241494941757947}"
aggregate,stndt_lite,ensemble_aggregate,depth5_identity075_spike125_pair,mean,0.37331401177418216,0.9001634248926299,,"{""gate_mean"": 0.3765, ""max_co_bps"": 0.3743654000019417, ""mean_co_bps"": 0.37331401177418216, ""min_co_bps"": 0.3726571202593703, ""min_repeats_above"": 2, ""passes_gate"": false, ""repeats"": 3, ""repeats_above_gate"": 0, ""std_co_bps"": 0.0007511216777215421}"
aggregate,stndt_lite,ensemble_aggregate,depth5_spike125_cosine_warmup5_pair,mean,0.37115851100906316,0.8987047429313645,,"{""gate_mean"": 0.3765, ""max_co_bps"": 0.3714625401794912, ""mean_co_bps"": 0.37115851100906316, ""min_co_bps"": 0.3709138382892939, ""min_repeats_above"": 2, ""passes_gate"": false, ""repeats"": 3, ""repeats_above_gate"": 0, ""std_co_bps"": 0.00022790470560101413}"
aggregate,stndt_lite,ensemble_aggregate,depth5_spike125_pair,mean,0.37440978257065094,0.9006069393211776,,"{""gate_mean"": 0.3765, ""max_co_bps"": 0.37469775206693157, ""mean_co_bps"": 0.37440978257065094, ""min_co_bps"": 0.37390770919993394, ""min_repeats_above"": 2, ""passes_gate"": false, ""repeats"": 3, ""repeats_above_gate"": 0, ""std_co_bps"": 0.00035629789475471254}"
aggregate,stndt_lite,ensemble_aggregate,depth5_spike125_warmup5_pair,mean,0.3702650414191894,0.8990448574322064,,"{""gate_mean"": 0.3765, ""max_co_bps"": 0.3717586280585432, ""mean_co_bps"": 0.3702650414191894, ""min_co_bps"": 0.3693311332677492, ""min_repeats_above"": 2, ""passes_gate"": false, ""repeats"": 3, ""repeats_above_gate"": 0, ""std_co_bps"": 0.0010671184711511304}"
aggregate,stndt_lite,ensemble_aggregate,lr0013_depth5,mean,0.37364703071850447,0.8999878409857752,,"{""gate_mean"": 0.3765, ""max_co_bps"": 0.37406372772791546, ""mean_co_bps"": 0.37364703071850447, ""min_co_bps"": 0.3732430019504216, ""min_repeats_above"": 2, ""passes_gate"": false, ""repeats"": 3, ""repeats_above_gate"": 0, ""std_co_bps"": 0.0003351796172347884}"
aggregate,stndt_lite,ensemble_aggregate,lr0013_depth5_cosine_warmup5_pair,mean,0.37037561324767926,0.8995093443023089,,"{""gate_mean"": 0.3765, ""max_co_bps"": 0.371081072313974, ""mean_co_bps"": 0.37037561324767926, ""min_co_bps"": 0.37000011420785994, ""min_repeats_above"": 2, ""passes_gate"": false, ""repeats"": 3, ""repeats_above_gate"": 0, ""std_co_bps"": 0.0004991812103149281}"
aggregate,stndt_lite,ensemble_aggregate,lr0013_depth5_depth5_cosine_warmup5,mean,0.3729810022842108,0.9011593728470101,,"{""gate_mean"": 0.3765, ""max_co_bps"": 0.37350778267093837, ""mean_co_bps"": 0.3729810022842108, ""min_co_bps"": 0.3724678448429421, ""min_repeats_above"": 2, ""passes_gate"": false, ""repeats"": 3, ""repeats_above_gate"": 0, ""std_co_bps"": 0.00042466210882428343}"
aggregate,stndt_lite,ensemble_aggregate,lr0013_depth5_depth5_spike125,mean,0.37403691196373545,0.9006066904692732,,"{""gate_mean"": 0.3765, ""max_co_bps"": 0.37425448005800815, ""mean_co_bps"": 0.37403691196373545, ""min_co_bps"": 0.3738954159530718, ""min_repeats_above"": 2, ""passes_gate"": false, ""repeats"": 3, ""repeats_above_gate"": 0, ""std_co_bps"": 0.00015614518733517046}"
aggregate,stndt_lite,ensemble_aggregate,lr0013_depth5_identity075_spike125,mean,0.37383032738097716,0.90127429474528,,"{""gate_mean"": 0.3765, ""max_co_bps"": 0.37427507093420254, ""mean_co_bps"": 0.37383032738097716, ""min_co_bps"": 0.3734220595221533, ""min_repeats_above"": 2, ""passes_gate"": false, ""repeats"": 3, ""repeats_above_gate"": 0, ""std_co_bps"": 0.0003491942864014371}"
aggregate,stndt_lite,ensemble_aggregate,lr0013_depth5_spike125,mean,0.37466010304140157,0.901535809543457,,"{""gate_mean"": 0.3765, ""max_co_bps"": 0.37528137406517853, ""mean_co_bps"": 0.37466010304140157, ""min_co_bps"": 0.37413011433340826, ""min_repeats_above"": 2, ""passes_gate"": false, ""repeats"": 3, ""repeats_above_gate"": 0, ""std_co_bps"": 0.0004744112761307874}"
aggregate,stndt_lite,ensemble_aggregate,lr0013_depth5_spike125_cosine_warmup5,mean,0.37298357157016127,0.9011805511050704,,"{""gate_mean"": 0.3765, ""max_co_bps"": 0.37353651295701923, ""mean_co_bps"": 0.37298357157016127, ""min_co_bps"": 0.3726287217961001, ""min_repeats_above"": 2, ""passes_gate"": false, ""repeats"": 3, ""repeats_above_gate"": 0, ""std_co_bps"": 0.0003961913790548084}"
aggregate,stndt_lite,ensemble_aggregate,lr0013_depth5_spike125_pair,mean,0.3731231654956395,0.9001899304997053,,"{""gate_mean"": 0.3765, ""max_co_bps"": 0.37373068135932913, ""mean_co_bps"": 0.3731231654956395, ""min_co_bps"": 0.3722502698820569, ""min_repeats_above"": 2, ""passes_gate"": false, ""repeats"": 3, ""repeats_above_gate"": 0, ""std_co_bps"": 0.0006328371798231732}"
aggregate,stndt_lite,ensemble_aggregate,lr0013_depth5_spike125_warmup5,mean,0.37239534751453024,0.9013954446085285,,"{""gate_mean"": 0.3765, ""max_co_bps"": 0.3729157690019641, ""mean_co_bps"": 0.37239534751453024, ""min_co_bps"": 0.3718752866652727, ""min_repeats_above"": 2, ""passes_gate"": false, ""repeats"": 3, ""repeats_above_gate"": 0, ""std_co_bps"": 0.00042477521175842553}"
aggregate,stndt_lite,ensemble_aggregate,lr0013_identity075_spike125_pair,mean,0.3714127455504515,0.8990736128072724,,"{""gate_mean"": 0.3765, ""max_co_bps"": 0.37169321692284774, ""mean_co_bps"": 0.3714127455504515, ""min_co_bps"": 0.37118270865204084, ""min_repeats_above"": 2, ""passes_gate"": false, ""repeats"": 3, ""repeats_above_gate"": 0, ""std_co_bps"": 0.0002114432954170177}"
aggregate,stndt_lite,ensemble_aggregate,lr0013_spike125_cosine_warmup5_pair,mean,0.3700937062110299,0.8989805176645155,,"{""gate_mean"": 0.3765, ""max_co_bps"": 0.37094538299430074, ""mean_co_bps"": 0.3700937062110299, ""min_co_bps"": 0.369417219917583, ""min_repeats_above"": 2, ""passes_gate"": false, ""repeats"": 3, ""repeats_above_gate"": 0, ""std_co_bps"": 0.0006360499865337826}"
aggregate,stndt_lite,ensemble_aggregate,lr0013_spike125_pair,mean,0.3727403338371121,0.8994061688913662,,"{""gate_mean"": 0.3765, ""max_co_bps"": 0.3737078350971834, ""mean_co_bps"": 0.3727403338371121, ""min_co_bps"": 0.37223654613890483, ""min_repeats_above"": 2, ""passes_gate"": false, ""repeats"": 3, ""repeats_above_gate"": 0, ""std_co_bps"": 0.0006843222926275809}"
aggregate,stndt_lite,ensemble_aggregate,lr0013_spike125_warmup5_pair,mean,0.3690671256030422,0.8992512269383514,,"{""gate_mean"": 0.3765, ""max_co_bps"": 0.36953353448484366, ""mean_co_bps"": 0.3690671256030422, ""min_co_bps"": 0.36867452737697715, ""min_repeats_above"": 2, ""passes_gate"": false, ""repeats"": 3, ""repeats_above_gate"": 0, ""std_co_bps"": 0.00035455071336031724}"
aggregate,stndt_lite,single_aggregate,depth5_dropout08,mean,0.3710741039354095,0.8947535759507425,,"{""gate_mean"": 0.3765, ""max_co_bps"": 0.3721634307217914, ""mean_co_bps"": 0.3710741039354095, ""min_co_bps"": 0.370496238239285, ""min_repeats_above"": 2, ""passes_gate"": false, ""repeats"": 3, ""repeats_above_gate"": 0, ""std_co_bps"": 0.0007707472688099252}"
aggregate,stndt_lite,single_aggregate,depth5_dropout08_cosine_warmup5,mean,0.36290940566566254,0.8922161548826738,,"{""gate_mean"": 0.3765, ""max_co_bps"": 0.36350510693964794, ""mean_co_bps"": 0.36290940566566254, ""min_co_bps"": 0.3623129512195179, ""min_repeats_above"": 2, ""passes_gate"": false, ""repeats"": 3, ""repeats_above_gate"": 0, ""std_co_bps"": 0.00048669582609738157}"
aggregate,stndt_lite,single_aggregate,depth5_dropout08_spike125,mean,0.36988295981934166,0.8950300809562433,,"{""gate_mean"": 0.3765, ""max_co_bps"": 0.3705547717534997, ""mean_co_bps"": 0.36988295981934166, ""min_co_bps"": 0.3689033533679485, ""min_repeats_above"": 2, ""passes_gate"": false, ""repeats"": 3, ""repeats_above_gate"": 0, ""std_co_bps"": 0.0007084484312750548}"
aggregate,stndt_lite,single_aggregate,lr0013,mean,0.3692701635618995,0.8952527722572334,,"{""gate_mean"": 0.3765, ""max_co_bps"": 0.3701269491163563, ""mean_co_bps"": 0.3692701635618995, ""min_co_bps"": 0.3685039573138256, ""min_repeats_above"": 2, ""passes_gate"": false, ""repeats"": 3, ""repeats_above_gate"": 0, ""std_co_bps"": 0.0006656721194046658}"
aggregate,stndt_lite,single_aggregate,lr0013_identity075_spike125,mean,0.36873327826933905,0.8961543077866699,,"{""gate_mean"": 0.3765, ""max_co_bps"": 0.3696764785182263, ""mean_co_bps"": 0.36873327826933905, ""min_co_bps"": 0.3675487055592054, ""min_repeats_above"": 2, ""passes_gate"": false, ""repeats"": 3, ""repeats_above_gate"": 0, ""std_co_bps"": 0.0008852682983409671}"
aggregate,stndt_lite,single_aggregate,lr0013_spike125,mean,0.3709683729844632,0.8968455609251661,,"{""gate_mean"": 0.3765, ""max_co_bps"": 0.37175811029661493, ""mean_co_bps"": 0.3709683729844632, ""min_co_bps"": 0.3702461343522815, ""min_repeats_above"": 2, ""passes_gate"": false, ""repeats"": 3, ""repeats_above_gate"": 0, ""std_co_bps"": 0.0006191041204348025}"
aggregate,stndt_lite,single_aggregate,lr0013_spike125_cosine_warmup5,mean,0.3624691847758148,0.8910224594865995,,"{""gate_mean"": 0.3765, ""max_co_bps"": 0.3630497173608151, ""mean_co_bps"": 0.3624691847758148, ""min_co_bps"": 0.36193818954380635, ""min_repeats_above"": 2, ""passes_gate"": false, ""repeats"": 3, ""repeats_above_gate"": 0, ""std_co_bps"": 0.0004551292739446911}"
aggregate,stndt_lite,single_aggregate,lr0013_spike125_warmup5,mean,0.36005814747773296,0.8914892270433766,,"{""gate_mean"": 0.3765, ""max_co_bps"": 0.36285403891442375, ""mean_co_bps"": 0.36005814747773296, ""min_co_bps"": 0.35730904731995594, ""min_repeats_above"": 2, ""passes_gate"": false, ""repeats"": 3, ""repeats_above_gate"": 0, ""std_co_bps"": 0.002263975119638971}"
candidate,stndt_lite,single_repeat,lr0013,0,0.36917958425551656,0.8972222134661523,,"{""batch_size"": 64, ""contrast_loss_weight"": 0.0, ""contrast_mask_prob"": 0.05, ""contrast_temperature"": 0.07, ""d_model"": 192, ""device"": ""auto"", ""dropout"": 0.05, ""ensemble_size"": 5, ""heldin_loss_weight"": 1.0, ""input_transform"": ""sqrt_zscore"", ""learning_rate"": 0.0013, ""lr_schedule"": ""constant"", ""mask_prob"": 0.6, ""max_epochs"": 60, ""n_heads"": 4, ""n_layers"": 4, ""patience"": 10, ""seed"": 0, ""spatial_n_heads"": 4, ""spike_loss_weight"": 1.0, ""temporal_identity_scale"": 0.05, ""use_mask_token"": true, ""validation_fraction"": 0.05, ""warmup_epochs"": 0, ""weight_decay"": 0.0001}"
candidate,stndt_lite,single_repeat,depth5_dropout08,0,0.370496238239285,0.8949101475749017,,"{""batch_size"": 64, ""contrast_loss_weight"": 0.0, ""contrast_mask_prob"": 0.05, ""contrast_temperature"": 0.07, ""d_model"": 192, ""device"": ""auto"", ""dropout"": 0.08, ""ensemble_size"": 5, ""heldin_loss_weight"": 1.0, ""input_transform"": ""sqrt_zscore"", ""learning_rate"": 0.001, ""lr_schedule"": ""constant"", ""mask_prob"": 0.6, ""max_epochs"": 60, ""n_heads"": 4, ""n_layers"": 5, ""patience"": 10, ""seed"": 0, ""spatial_n_heads"": 4, ""spike_loss_weight"": 1.0, ""temporal_identity_scale"": 0.05, ""use_mask_token"": true, ""validation_fraction"": 0.05, ""warmup_epochs"": 0, ""weight_decay"": 0.0001}"
candidate,stndt_lite,single_repeat,lr0013_spike125,0,0.37090087430449314,0.8979363031961163,,"{""batch_size"": 64, ""contrast_loss_weight"": 0.0, ""contrast_mask_prob"": 0.05, ""contrast_temperature"": 0.07, ""d_model"": 192, ""device"": ""auto"", ""dropout"": 0.05, ""ensemble_size"": 5, ""heldin_loss_weight"": 1.0, ""input_transform"": ""sqrt_zscore"", ""learning_rate"": 0.0013, ""lr_schedule"": ""constant"", ""mask_prob"": 0.6, ""max_epochs"": 60, ""n_heads"": 4, ""n_layers"": 4, ""patience"": 10, ""seed"": 0, ""spatial_n_heads"": 4, ""spike_loss_weight"": 1.25, ""temporal_identity_scale"": 0.05, ""use_mask_token"": true, ""validation_fraction"": 0.05, ""warmup_epochs"": 0, ""weight_decay"": 0.0001}"
candidate,stndt_lite,single_repeat,lr0013_spike125_warmup5,0,0.3600113561988194,0.890546994553965,,"{""batch_size"": 64, ""contrast_loss_weight"": 0.0, ""contrast_mask_prob"": 0.05, ""contrast_temperature"": 0.07, ""d_model"": 192, ""device"": ""auto"", ""dropout"": 0.05, ""ensemble_size"": 5, ""heldin_loss_weight"": 1.0, ""input_transform"": ""sqrt_zscore"", ""learning_rate"": 0.0013, ""lr_schedule"": ""constant"", ""mask_prob"": 0.6, ""max_epochs"": 60, ""n_heads"": 4, ""n_layers"": 4, ""patience"": 10, ""seed"": 0, ""spatial_n_heads"": 4, ""spike_loss_weight"": 1.25, ""temporal_identity_scale"": 0.05, ""use_mask_token"": true, ""validation_fraction"": 0.05, ""warmup_epochs"": 5, ""weight_decay"": 0.0001}"
candidate,stndt_lite,single_repeat,lr0013_spike125_cosine_warmup5,0,0.3630497173608151,0.8896621995675731,,"{""batch_size"": 64, ""contrast_loss_weight"": 0.0, ""contrast_mask_prob"": 0.05, ""contrast_temperature"": 0.07, ""d_model"": 192, ""device"": ""auto"", ""dropout"": 0.05, ""ensemble_size"": 5, ""heldin_loss_weight"": 1.0, ""input_transform"": ""sqrt_zscore"", ""learning_rate"": 0.0013, ""lr_schedule"": ""cosine"", ""mask_prob"": 0.6, ""max_epochs"": 60, ""n_heads"": 4, ""n_layers"": 4, ""patience"": 10, ""seed"": 0, ""spatial_n_heads"": 4, ""spike_loss_weight"": 1.25, ""temporal_identity_scale"": 0.05, ""use_mask_token"": true, ""validation_fraction"": 0.05, ""warmup_epochs"": 5, ""weight_decay"": 0.0001}"
candidate,stndt_lite,single_repeat,lr0013_identity075_spike125,0,0.36897465073058533,0.897259673176394,,"{""batch_size"": 64, ""contrast_loss_weight"": 0.0, ""contrast_mask_prob"": 0.05, ""contrast_temperature"": 0.07, ""d_model"": 192, ""device"": ""auto"", ""dropout"": 0.05, ""ensemble_size"": 5, ""heldin_loss_weight"": 1.0, ""input_transform"": ""sqrt_zscore"", ""learning_rate"": 0.0013, ""lr_schedule"": ""constant"", ""mask_prob"": 0.6, ""max_epochs"": 60, ""n_heads"": 4, ""n_layers"": 4, ""patience"": 10, ""seed"": 0, ""spatial_n_heads"": 4, ""spike_loss_weight"": 1.25, ""temporal_identity_scale"": 0.075, ""use_mask_token"": true, ""validation_fraction"": 0.05, ""warmup_epochs"": 0, ""weight_decay"": 0.0001}"
candidate,stndt_lite,single_repeat,depth5_dropout08_spike125,0,0.3705547717534997,0.8944638032698811,,"{""batch_size"": 64, ""contrast_loss_weight"": 0.0, ""contrast_mask_prob"": 0.05, ""contrast_temperature"": 0.07, ""d_model"": 192, ""device"": ""auto"", ""dropout"": 0.08, ""ensemble_size"": 5, ""heldin_loss_weight"": 1.0, ""input_transform"": ""sqrt_zscore"", ""learning_rate"": 0.001, ""lr_schedule"": ""constant"", ""mask_prob"": 0.6, ""max_epochs"": 60, ""n_heads"": 4, ""n_layers"": 5, ""patience"": 10, ""seed"": 0, ""spatial_n_heads"": 4, ""spike_loss_weight"": 1.25, ""temporal_identity_scale"": 0.05, ""use_mask_token"": true, ""validation_fraction"": 0.05, ""warmup_epochs"": 0, ""weight_decay"": 0.0001}"
candidate,stndt_lite,single_repeat,depth5_dropout08_cosine_warmup5,0,0.36291015883782163,0.8898609301261656,,"{""batch_size"": 64, ""contrast_loss_weight"": 0.0, ""contrast_mask_prob"": 0.05, ""contrast_temperature"": 0.07, ""d_model"": 192, ""device"": ""auto"", ""dropout"": 0.08, ""ensemble_size"": 5, ""heldin_loss_weight"": 1.0, ""input_transform"": ""sqrt_zscore"", ""learning_rate"": 0.001, ""lr_schedule"": ""cosine"", ""mask_prob"": 0.6, ""max_epochs"": 60, ""n_heads"": 4, ""n_layers"": 5, ""patience"": 10, ""seed"": 0, ""spatial_n_heads"": 4, ""spike_loss_weight"": 1.0, ""temporal_identity_scale"": 0.05, ""use_mask_token"": true, ""validation_fraction"": 0.05, ""warmup_epochs"": 5, ""weight_decay"": 0.0001}"
candidate,stndt_lite,ensemble_repeat,lr0013_depth5,0,0.3732430019504216,0.9009697699046453,,"{""recipes"": [""lr0013"", ""depth5_dropout08""], ""seed"": 0, ""weights"": ""equal""}"
candidate,stndt_lite,ensemble_repeat,lr0013_depth5_spike125,0,0.37413011433340826,0.9024593423576447,,"{""recipes"": [""lr0013"", ""depth5_dropout08"", ""lr0013_spike125""], ""seed"": 0, ""weights"": ""equal""}"
candidate,stndt_lite,ensemble_repeat,lr0013_depth5_spike125_warmup5,0,0.3718752866652727,0.9018102663186437,,"{""recipes"": [""lr0013"", ""depth5_dropout08"", ""lr0013_spike125_warmup5""], ""seed"": 0, ""weights"": ""equal""}"
candidate,stndt_lite,ensemble_repeat,lr0013_depth5_spike125_cosine_warmup5,0,0.3726287217961001,0.9013225373196541,,"{""recipes"": [""lr0013"", ""depth5_dropout08"", ""lr0013_spike125_cosine_warmup5""], ""seed"": 0, ""weights"": ""equal""}"
candidate,stndt_lite,ensemble_repeat,lr0013_depth5_identity075_spike125,0,0.3734220595221533,0.9021382860393483,,"{""recipes"": [""lr0013"", ""depth5_dropout08"", ""lr0013_identity075_spike125""], ""seed"": 0, ""weights"": ""equal""}"
candidate,stndt_lite,ensemble_repeat,lr0013_depth5_depth5_spike125,0,0.3739608398801264,0.9009430534782263,,"{""recipes"": [""lr0013"", ""depth5_dropout08"", ""depth5_dropout08_spike125""], ""seed"": 0, ""weights"": ""equal""}"
candidate,stndt_lite,ensemble_repeat,lr0013_depth5_depth5_cosine_warmup5,0,0.3724678448429421,0.9011586008272565,,"{""recipes"": [""lr0013"", ""depth5_dropout08"", ""depth5_dropout08_cosine_warmup5""], ""seed"": 0, ""weights"": ""equal""}"
candidate,stndt_lite,ensemble_repeat,lr0013_spike125_pair,0,0.37227662027524805,0.9006701504657124,,"{""recipes"": [""lr0013"", ""lr0013_spike125""], ""seed"": 0, ""weights"": ""equal""}"
candidate,stndt_lite,ensemble_repeat,depth5_spike125_pair,0,0.37390770919993394,0.901230317609998,,"{""recipes"": [""depth5_dropout08"", ""lr0013_spike125""], ""seed"": 0, ""weights"": ""equal""}"
candidate,stndt_lite,ensemble_repeat,lr0013_spike125_warmup5_pair,0,0.36867452737697715,0.8997412552620626,,"{""recipes"": [""lr0013"", ""lr0013_spike125_warmup5""], ""seed"": 0, ""weights"": ""equal""}"
candidate,stndt_lite,ensemble_repeat,depth5_spike125_warmup5_pair,0,0.3697053629312759,0.8987803421323295,,"{""recipes"": [""depth5_dropout08"", ""lr0013_spike125_warmup5""], ""seed"": 0, ""weights"": ""equal""}"
candidate,stndt_lite,ensemble_repeat,lr0013_spike125_cosine_warmup5_pair,0,0.369918515721206,0.8991282954753854,,"{""recipes"": [""lr0013"", ""lr0013_spike125_cosine_warmup5""], ""seed"": 0, ""weights"": ""equal""}"
candidate,stndt_lite,ensemble_repeat,depth5_spike125_cosine_warmup5_pair,0,0.3709138382892939,0.8980739785398063,,"{""recipes"": [""depth5_dropout08"", ""lr0013_spike125_cosine_warmup5""], ""seed"": 0, ""weights"": ""equal""}"
candidate,stndt_lite,ensemble_repeat,lr0013_identity075_spike125_pair,0,0.37118270865204084,0.9002961305453459,,"{""recipes"": [""lr0013"", ""lr0013_identity075_spike125""], ""seed"": 0, ""weights"": ""equal""}"
candidate,stndt_lite,ensemble_repeat,depth5_identity075_spike125_pair,0,0.37291951506123444,0.9007125823264615,,"{""recipes"": [""depth5_dropout08"", ""lr0013_identity075_spike125""], ""seed"": 0, ""weights"": ""equal""}"
candidate,stndt_lite,ensemble_repeat,lr0013_depth5_spike125_pair,0,0.3733885452455326,0.9007739513580366,,"{""recipes"": [""lr0013"", ""depth5_dropout08_spike125""], ""seed"": 0, ""weights"": ""equal""}"
candidate,stndt_lite,ensemble_repeat,depth5_depth5_spike125_pair,0,0.37232401291384126,0.8970396244782455,,"{""recipes"": [""depth5_dropout08"", ""depth5_dropout08_spike125""], ""seed"": 0, ""weights"": ""equal""}"
candidate,stndt_lite,ensemble_repeat,lr0013_depth5_cosine_warmup5_pair,0,0.37000011420785994,0.8995276606989987,,"{""recipes"": [""lr0013"", ""depth5_dropout08_cosine_warmup5""], ""seed"": 0, ""weights"": ""equal""}"
candidate,stndt_lite,ensemble_repeat,depth5_depth5_cosine_warmup5_pair,0,0.37044527694244755,0.8974260013132545,,"{""recipes"": [""depth5_dropout08"", ""depth5_dropout08_cosine_warmup5""], ""seed"": 0, ""weights"": ""equal""}"
candidate,stndt_lite,single_repeat,lr0013,101,0.3685039573138256,0.8909009874292969,,"{""batch_size"": 64, ""contrast_loss_weight"": 0.0, ""contrast_mask_prob"": 0.05, ""contrast_temperature"": 0.07, ""d_model"": 192, ""device"": ""auto"", ""dropout"": 0.05, ""ensemble_size"": 5, ""heldin_loss_weight"": 1.0, ""input_transform"": ""sqrt_zscore"", ""learning_rate"": 0.0013, ""lr_schedule"": ""constant"", ""mask_prob"": 0.6, ""max_epochs"": 60, ""n_heads"": 4, ""n_layers"": 4, ""patience"": 10, ""seed"": 101, ""spatial_n_heads"": 4, ""spike_loss_weight"": 1.0, ""temporal_identity_scale"": 0.05, ""use_mask_token"": true, ""validation_fraction"": 0.05, ""warmup_epochs"": 0, ""weight_decay"": 0.0001}"
candidate,stndt_lite,single_repeat,depth5_dropout08,101,0.3721634307217914,0.8961365500709276,,"{""batch_size"": 64, ""contrast_loss_weight"": 0.0, ""contrast_mask_prob"": 0.05, ""contrast_temperature"": 0.07, ""d_model"": 192, ""device"": ""auto"", ""dropout"": 0.08, ""ensemble_size"": 5, ""heldin_loss_weight"": 1.0, ""input_transform"": ""sqrt_zscore"", ""learning_rate"": 0.001, ""lr_schedule"": ""constant"", ""mask_prob"": 0.6, ""max_epochs"": 60, ""n_heads"": 4, ""n_layers"": 5, ""patience"": 10, ""seed"": 101, ""spatial_n_heads"": 4, ""spike_loss_weight"": 1.0, ""temporal_identity_scale"": 0.05, ""use_mask_token"": true, ""validation_fraction"": 0.05, ""warmup_epochs"": 0, ""weight_decay"": 0.0001}"
candidate,stndt_lite,single_repeat,lr0013_spike125,101,0.3702461343522815,0.8955948099353074,,"{""batch_size"": 64, ""contrast_loss_weight"": 0.0, ""contrast_mask_prob"": 0.05, ""contrast_temperature"": 0.07, ""d_model"": 192, ""device"": ""auto"", ""dropout"": 0.05, ""ensemble_size"": 5, ""heldin_loss_weight"": 1.0, ""input_transform"": ""sqrt_zscore"", ""learning_rate"": 0.0013, ""lr_schedule"": ""constant"", ""mask_prob"": 0.6, ""max_epochs"": 60, ""n_heads"": 4, ""n_layers"": 4, ""patience"": 10, ""seed"": 101, ""spatial_n_heads"": 4, ""spike_loss_weight"": 1.25, ""temporal_identity_scale"": 0.05, ""use_mask_token"": true, ""validation_fraction"": 0.05, ""warmup_epochs"": 0, ""weight_decay"": 0.0001}"
candidate,stndt_lite,single_repeat,lr0013_spike125_warmup5,101,0.36285403891442375,0.88855869768884,,"{""batch_size"": 64, ""contrast_loss_weight"": 0.0, ""contrast_mask_prob"": 0.05, ""contrast_temperature"": 0.07, ""d_model"": 192, ""device"": ""auto"", ""dropout"": 0.05, ""ensemble_size"": 5, ""heldin_loss_weight"": 1.0, ""input_transform"": ""sqrt_zscore"", ""learning_rate"": 0.0013, ""lr_schedule"": ""constant"", ""mask_prob"": 0.6, ""max_epochs"": 60, ""n_heads"": 4, ""n_layers"": 4, ""patience"": 10, ""seed"": 101, ""spatial_n_heads"": 4, ""spike_loss_weight"": 1.25, ""temporal_identity_scale"": 0.05, ""use_mask_token"": true, ""validation_fraction"": 0.05, ""warmup_epochs"": 5, ""weight_decay"": 0.0001}"
candidate,stndt_lite,single_repeat,lr0013_spike125_cosine_warmup5,101,0.36241964742282295,0.8881579809647197,,"{""batch_size"": 64, ""contrast_loss_weight"": 0.0, ""contrast_mask_prob"": 0.05, ""contrast_temperature"": 0.07, ""d_model"": 192, ""device"": ""auto"", ""dropout"": 0.05, ""ensemble_size"": 5, ""heldin_loss_weight"": 1.0, ""input_transform"": ""sqrt_zscore"", ""learning_rate"": 0.0013, ""lr_schedule"": ""cosine"", ""mask_prob"": 0.6, ""max_epochs"": 60, ""n_heads"": 4, ""n_layers"": 4, ""patience"": 10, ""seed"": 101, ""spatial_n_heads"": 4, ""spike_loss_weight"": 1.25, ""temporal_identity_scale"": 0.05, ""use_mask_token"": true, ""validation_fraction"": 0.05, ""warmup_epochs"": 5, ""weight_decay"": 0.0001}"
candidate,stndt_lite,single_repeat,lr0013_identity075_spike125,101,0.3696764785182263,0.8928884739221051,,"{""batch_size"": 64, ""contrast_loss_weight"": 0.0, ""contrast_mask_prob"": 0.05, ""contrast_temperature"": 0.07, ""d_model"": 192, ""device"": ""auto"", ""dropout"": 0.05, ""ensemble_size"": 5, ""heldin_loss_weight"": 1.0, ""input_transform"": ""sqrt_zscore"", ""learning_rate"": 0.0013, ""lr_schedule"": ""constant"", ""mask_prob"": 0.6, ""max_epochs"": 60, ""n_heads"": 4, ""n_layers"": 4, ""patience"": 10, ""seed"": 101, ""spatial_n_heads"": 4, ""spike_loss_weight"": 1.25, ""temporal_identity_scale"": 0.075, ""use_mask_token"": true, ""validation_fraction"": 0.05, ""warmup_epochs"": 0, ""weight_decay"": 0.0001}"
candidate,stndt_lite,single_repeat,depth5_dropout08_spike125,101,0.3689033533679485,0.8959243126472753,,"{""batch_size"": 64, ""contrast_loss_weight"": 0.0, ""contrast_mask_prob"": 0.05, ""contrast_temperature"": 0.07, ""d_model"": 192, ""device"": ""auto"", ""dropout"": 0.08, ""ensemble_size"": 5, ""heldin_loss_weight"": 1.0, ""input_transform"": ""sqrt_zscore"", ""learning_rate"": 0.001, ""lr_schedule"": ""constant"", ""mask_prob"": 0.6, ""max_epochs"": 60, ""n_heads"": 4, ""n_layers"": 5, ""patience"": 10, ""seed"": 101, ""spatial_n_heads"": 4, ""spike_loss_weight"": 1.25, ""temporal_identity_scale"": 0.05, ""use_mask_token"": true, ""validation_fraction"": 0.05, ""warmup_epochs"": 0, ""weight_decay"": 0.0001}"
candidate,stndt_lite,single_repeat,depth5_dropout08_cosine_warmup5,101,0.36350510693964794,0.8900146258779985,,"{""batch_size"": 64, ""contrast_loss_weight"": 0.0, ""contrast_mask_prob"": 0.05, ""contrast_temperature"": 0.07, ""d_model"": 192, ""device"": ""auto"", ""dropout"": 0.08, ""ensemble_size"": 5, ""heldin_loss_weight"": 1.0, ""input_transform"": ""sqrt_zscore"", ""learning_rate"": 0.001, ""lr_schedule"": ""cosine"", ""mask_prob"": 0.6, ""max_epochs"": 60, ""n_heads"": 4, ""n_layers"": 5, ""patience"": 10, ""seed"": 101, ""spatial_n_heads"": 4, ""spike_loss_weight"": 1.0, ""temporal_identity_scale"": 0.05, ""use_mask_token"": true, ""validation_fraction"": 0.05, ""warmup_epochs"": 5, ""weight_decay"": 0.0001}"
candidate,stndt_lite,ensemble_repeat,lr0013_depth5,101,0.3736343624771764,0.8986387292009733,,"{""recipes"": [""lr0013"", ""depth5_dropout08""], ""seed"": 101, ""weights"": ""equal""}"
candidate,stndt_lite,ensemble_repeat,lr0013_depth5_spike125,101,0.37456882072561787,0.9002701240046467,,"{""recipes"": [""lr0013"", ""depth5_dropout08"", ""lr0013_spike125""], ""seed"": 101, ""weights"": ""equal""}"
candidate,stndt_lite,ensemble_repeat,lr0013_depth5_spike125_warmup5,101,0.3729157690019641,0.8992304430198497,,"{""recipes"": [""lr0013"", ""depth5_dropout08"", ""lr0013_spike125_warmup5""], ""seed"": 101, ""weights"": ""equal""}"
candidate,stndt_lite,ensemble_repeat,lr0013_depth5_spike125_cosine_warmup5,101,0.37278547995736455,0.8991469535761035,,"{""recipes"": [""lr0013"", ""depth5_dropout08"", ""lr0013_spike125_cosine_warmup5""], ""seed"": 101, ""weights"": ""equal""}"
candidate,stndt_lite,ensemble_repeat,lr0013_depth5_identity075_spike125,101,0.37427507093420254,0.899561251907381,,"{""recipes"": [""lr0013"", ""depth5_dropout08"", ""lr0013_identity075_spike125""], ""seed"": 101, ""weights"": ""equal""}"
candidate,stndt_lite,ensemble_repeat,lr0013_depth5_depth5_spike125,101,0.3738954159530718,0.9003823904081225,,"{""recipes"": [""lr0013"", ""depth5_dropout08"", ""depth5_dropout08_spike125""], ""seed"": 101, ""weights"": ""equal""}"
candidate,stndt_lite,ensemble_repeat,lr0013_depth5_depth5_cosine_warmup5,101,0.37296737933875207,0.8994165893924935,,"{""recipes"": [""lr0013"", ""depth5_dropout08"", ""depth5_dropout08_cosine_warmup5""], ""seed"": 101, ""weights"": ""equal""}"
candidate,stndt_lite,ensemble_repeat,lr0013_spike125_pair,101,0.37223654613890483,0.8969233810273988,,"{""recipes"": [""lr0013"", ""lr0013_spike125""], ""seed"": 101, ""weights"": ""equal""}"
candidate,stndt_lite,ensemble_repeat,depth5_spike125_pair,101,0.3746238864450873,0.9005866508770342,,"{""recipes"": [""depth5_dropout08"", ""lr0013_spike125""], ""seed"": 101, ""weights"": ""equal""}"
candidate,stndt_lite,ensemble_repeat,lr0013_spike125_warmup5_pair,101,0.36953353448484366,0.8951389000006099,,"{""recipes"": [""lr0013"", ""lr0013_spike125_warmup5""], ""seed"": 101, ""weights"": ""equal""}"
candidate,stndt_lite,ensemble_repeat,depth5_spike125_warmup5_pair,101,0.3717586280585432,0.8981740621082398,,"{""recipes"": [""depth5_dropout08"", ""lr0013_spike125_warmup5""], ""seed"": 101, ""weights"": ""equal""}"
candidate,stndt_lite,ensemble_repeat,lr0013_spike125_cosine_warmup5_pair,101,0.369417219917583,0.894985766823473,,"{""recipes"": [""lr0013"", ""lr0013_spike125_cosine_warmup5""], ""seed"": 101, ""weights"": ""equal""}"
candidate,stndt_lite,ensemble_repeat,depth5_spike125_cosine_warmup5_pair,101,0.3714625401794912,0.897987220287564,,"{""recipes"": [""depth5_dropout08"", ""lr0013_spike125_cosine_warmup5""], ""seed"": 101, ""weights"": ""equal""}"
candidate,stndt_lite,ensemble_repeat,lr0013_identity075_spike125_pair,101,0.37169321692284774,0.8957871175006298,,"{""recipes"": [""lr0013"", ""lr0013_identity075_spike125""], ""seed"": 101, ""weights"": ""equal""}"
candidate,stndt_lite,ensemble_repeat,depth5_identity075_spike125_pair,101,0.3743654000019417,0.8994390940016166,,"{""recipes"": [""depth5_dropout08"", ""lr0013_identity075_spike125""], ""seed"": 101, ""weights"": ""equal""}"
candidate,stndt_lite,ensemble_repeat,lr0013_depth5_spike125_pair,101,0.3722502698820569,0.8988222844761602,,"{""recipes"": [""lr0013"", ""depth5_dropout08_spike125""], ""seed"": 101, ""weights"": ""equal""}"
candidate,stndt_lite,ensemble_repeat,depth5_depth5_spike125_pair,101,0.3727679460413012,0.8989822469629117,,"{""recipes"": [""depth5_dropout08"", ""depth5_dropout08_spike125""], ""seed"": 101, ""weights"": ""equal""}"
candidate,stndt_lite,ensemble_repeat,lr0013_depth5_cosine_warmup5_pair,101,0.37004565322120375,0.8961351231649257,,"{""recipes"": [""lr0013"", ""depth5_dropout08_cosine_warmup5""], ""seed"": 101, ""weights"": ""equal""}"
candidate,stndt_lite,ensemble_repeat,depth5_depth5_cosine_warmup5_pair,101,0.3715228113996872,0.8979916318051877,,"{""recipes"": [""depth5_dropout08"", ""depth5_dropout08_cosine_warmup5""], ""seed"": 101, ""weights"": ""equal""}"
candidate,stndt_lite,single_repeat,lr0013,202,0.3701269491163563,0.8976351158762512,,"{""batch_size"": 64, ""contrast_loss_weight"": 0.0, ""contrast_mask_prob"": 0.05, ""contrast_temperature"": 0.07, ""d_model"": 192, ""device"": ""auto"", ""dropout"": 0.05, ""ensemble_size"": 5, ""heldin_loss_weight"": 1.0, ""input_transform"": ""sqrt_zscore"", ""learning_rate"": 0.0013, ""lr_schedule"": ""constant"", ""mask_prob"": 0.6, ""max_epochs"": 60, ""n_heads"": 4, ""n_layers"": 4, ""patience"": 10, ""seed"": 202, ""spatial_n_heads"": 4, ""spike_loss_weight"": 1.0, ""temporal_identity_scale"": 0.05, ""use_mask_token"": true, ""validation_fraction"": 0.05, ""warmup_epochs"": 0, ""weight_decay"": 0.0001}"
candidate,stndt_lite,single_repeat,depth5_dropout08,202,0.3705626428451521,0.8932140302063984,,"{""batch_size"": 64, ""contrast_loss_weight"": 0.0, ""contrast_mask_prob"": 0.05, ""contrast_temperature"": 0.07, ""d_model"": 192, ""device"": ""auto"", ""dropout"": 0.08, ""ensemble_size"": 5, ""heldin_loss_weight"": 1.0, ""input_transform"": ""sqrt_zscore"", ""learning_rate"": 0.001, ""lr_schedule"": ""constant"", ""mask_prob"": 0.6, ""max_epochs"": 60, ""n_heads"": 4, ""n_layers"": 5, ""patience"": 10, ""seed"": 202, ""spatial_n_heads"": 4, ""spike_loss_weight"": 1.0, ""temporal_identity_scale"": 0.05, ""use_mask_token"": true, ""validation_fraction"": 0.05, ""warmup_epochs"": 0, ""weight_decay"": 0.0001}"
candidate,stndt_lite,single_repeat,lr0013_spike125,202,0.37175811029661493,0.8970055696440744,,"{""batch_size"": 64, ""contrast_loss_weight"": 0.0, ""contrast_mask_prob"": 0.05, ""contrast_temperature"": 0.07, ""d_model"": 192, ""device"": ""auto"", ""dropout"": 0.05, ""ensemble_size"": 5, ""heldin_loss_weight"": 1.0, ""input_transform"": ""sqrt_zscore"", ""learning_rate"": 0.0013, ""lr_schedule"": ""constant"", ""mask_prob"": 0.6, ""max_epochs"": 60, ""n_heads"": 4, ""n_layers"": 4, ""patience"": 10, ""seed"": 202, ""spatial_n_heads"": 4, ""spike_loss_weight"": 1.25, ""temporal_identity_scale"": 0.05, ""use_mask_token"": true, ""validation_fraction"": 0.05, ""warmup_epochs"": 0, ""weight_decay"": 0.0001}"
candidate,stndt_lite,single_repeat,lr0013_spike125_warmup5,202,0.35730904731995594,0.8953619888873248,,"{""batch_size"": 64, ""contrast_loss_weight"": 0.0, ""contrast_mask_prob"": 0.05, ""contrast_temperature"": 0.07, ""d_model"": 192, ""device"": ""auto"", ""dropout"": 0.05, ""ensemble_size"": 5, ""heldin_loss_weight"": 1.0, ""input_transform"": ""sqrt_zscore"", ""learning_rate"": 0.0013, ""lr_schedule"": ""constant"", ""mask_prob"": 0.6, ""max_epochs"": 60, ""n_heads"": 4, ""n_layers"": 4, ""patience"": 10, ""seed"": 202, ""spatial_n_heads"": 4, ""spike_loss_weight"": 1.25, ""temporal_identity_scale"": 0.05, ""use_mask_token"": true, ""validation_fraction"": 0.05, ""warmup_epochs"": 5, ""weight_decay"": 0.0001}"
candidate,stndt_lite,single_repeat,lr0013_spike125_cosine_warmup5,202,0.36193818954380635,0.8952471979275057,,"{""batch_size"": 64, ""contrast_loss_weight"": 0.0, ""contrast_mask_prob"": 0.05, ""contrast_temperature"": 0.07, ""d_model"": 192, ""device"": ""auto"", ""dropout"": 0.05, ""ensemble_size"": 5, ""heldin_loss_weight"": 1.0, ""input_transform"": ""sqrt_zscore"", ""learning_rate"": 0.0013, ""lr_schedule"": ""cosine"", ""mask_prob"": 0.6, ""max_epochs"": 60, ""n_heads"": 4, ""n_layers"": 4, ""patience"": 10, ""seed"": 202, ""spatial_n_heads"": 4, ""spike_loss_weight"": 1.25, ""temporal_identity_scale"": 0.05, ""use_mask_token"": true, ""validation_fraction"": 0.05, ""warmup_epochs"": 5, ""weight_decay"": 0.0001}"
candidate,stndt_lite,single_repeat,lr0013_identity075_spike125,202,0.3675487055592054,0.8983147762615107,,"{""batch_size"": 64, ""contrast_loss_weight"": 0.0, ""contrast_mask_prob"": 0.05, ""contrast_temperature"": 0.07, ""d_model"": 192, ""device"": ""auto"", ""dropout"": 0.05, ""ensemble_size"": 5, ""heldin_loss_weight"": 1.0, ""input_transform"": ""sqrt_zscore"", ""learning_rate"": 0.0013, ""lr_schedule"": ""constant"", ""mask_prob"": 0.6, ""max_epochs"": 60, ""n_heads"": 4, ""n_layers"": 4, ""patience"": 10, ""seed"": 202, ""spatial_n_heads"": 4, ""spike_loss_weight"": 1.25, ""temporal_identity_scale"": 0.075, ""use_mask_token"": true, ""validation_fraction"": 0.05, ""warmup_epochs"": 0, ""weight_decay"": 0.0001}"
candidate,stndt_lite,single_repeat,depth5_dropout08_spike125,202,0.3701907543365767,0.8947021269515734,,"{""batch_size"": 64, ""contrast_loss_weight"": 0.0, ""contrast_mask_prob"": 0.05, ""contrast_temperature"": 0.07, ""d_model"": 192, ""device"": ""auto"", ""dropout"": 0.08, ""ensemble_size"": 5, ""heldin_loss_weight"": 1.0, ""input_transform"": ""sqrt_zscore"", ""learning_rate"": 0.001, ""lr_schedule"": ""constant"", ""mask_prob"": 0.6, ""max_epochs"": 60, ""n_heads"": 4, ""n_layers"": 5, ""patience"": 10, ""seed"": 202, ""spatial_n_heads"": 4, ""spike_loss_weight"": 1.25, ""temporal_identity_scale"": 0.05, ""use_mask_token"": true, ""validation_fraction"": 0.05, ""warmup_epochs"": 0, ""weight_decay"": 0.0001}"
candidate,stndt_lite,single_repeat,depth5_dropout08_cosine_warmup5,202,0.3623129512195179,0.8967729086438574,,"{""batch_size"": 64, ""contrast_loss_weight"": 0.0, ""contrast_mask_prob"": 0.05, ""contrast_temperature"": 0.07, ""d_model"": 192, ""device"": ""auto"", ""dropout"": 0.08, ""ensemble_size"": 5, ""heldin_loss_weight"": 1.0, ""input_transform"": ""sqrt_zscore"", ""learning_rate"": 0.001, ""lr_schedule"": ""cosine"", ""mask_prob"": 0.6, ""max_epochs"": 60, ""n_heads"": 4, ""n_layers"": 5, ""patience"": 10, ""seed"": 202, ""spatial_n_heads"": 4, ""spike_loss_weight"": 1.0, ""temporal_identity_scale"": 0.05, ""use_mask_token"": true, ""validation_fraction"": 0.05, ""warmup_epochs"": 5, ""weight_decay"": 0.0001}"
candidate,stndt_lite,ensemble_repeat,lr0013_depth5,202,0.37406372772791546,0.9003550238517073,,"{""recipes"": [""lr0013"", ""depth5_dropout08""], ""seed"": 202, ""weights"": ""equal""}"
candidate,stndt_lite,ensemble_repeat,lr0013_depth5_spike125,202,0.37528137406517853,0.9018779622680797,,"{""recipes"": [""lr0013"", ""depth5_dropout08"", ""lr0013_spike125""], ""seed"": 202, ""weights"": ""equal""}"
candidate,stndt_lite,ensemble_repeat,lr0013_depth5_spike125_warmup5,202,0.3723949868763539,0.903145624487092,,"{""recipes"": [""lr0013"", ""depth5_dropout08"", ""lr0013_spike125_warmup5""], ""seed"": 202, ""weights"": ""equal""}"
candidate,stndt_lite,ensemble_repeat,lr0013_depth5_spike125_cosine_warmup5,202,0.37353651295701923,0.9030721624194535,,"{""recipes"": [""lr0013"", ""depth5_dropout08"", ""lr0013_spike125_cosine_warmup5""], ""seed"": 202, ""weights"": ""equal""}"
candidate,stndt_lite,ensemble_repeat,lr0013_depth5_identity075_spike125,202,0.3737938516865757,0.9021233462891105,,"{""recipes"": [""lr0013"", ""depth5_dropout08"", ""lr0013_identity075_spike125""], ""seed"": 202, ""weights"": ""equal""}"
candidate,stndt_lite,ensemble_repeat,lr0013_depth5_depth5_spike125,202,0.37425448005800815,0.900494627521471,,"{""recipes"": [""lr0013"", ""depth5_dropout08"", ""depth5_dropout08_spike125""], ""seed"": 202, ""weights"": ""equal""}"
candidate,stndt_lite,ensemble_repeat,lr0013_depth5_depth5_cosine_warmup5,202,0.37350778267093837,0.9029029283212805,,"{""recipes"": [""lr0013"", ""depth5_dropout08"", ""depth5_dropout08_cosine_warmup5""], ""seed"": 202, ""weights"": ""equal""}"
candidate,stndt_lite,ensemble_repeat,lr0013_spike125_pair,202,0.3737078350971834,0.9006249751809872,,"{""recipes"": [""lr0013"", ""lr0013_spike125""], ""seed"": 202, ""weights"": ""equal""}"
candidate,stndt_lite,ensemble_repeat,depth5_spike125_pair,202,0.37469775206693157,0.9000038494765006,,"{""recipes"": [""depth5_dropout08"", ""lr0013_spike125""], ""seed"": 202, ""weights"": ""equal""}"
candidate,stndt_lite,ensemble_repeat,lr0013_spike125_warmup5_pair,202,0.368993314947306,0.9028735255523818,,"{""recipes"": [""lr0013"", ""lr0013_spike125_warmup5""], ""seed"": 202, ""weights"": ""equal""}"
candidate,stndt_lite,ensemble_repeat,depth5_spike125_warmup5_pair,202,0.3693311332677492,0.9001801680560495,,"{""recipes"": [""depth5_dropout08"", ""lr0013_spike125_warmup5""], ""seed"": 202, ""weights"": ""equal""}"
candidate,stndt_lite,ensemble_repeat,lr0013_spike125_cosine_warmup5_pair,202,0.37094538299430074,0.9028274906946878,,"{""recipes"": [""lr0013"", ""lr0013_spike125_cosine_warmup5""], ""seed"": 202, ""weights"": ""equal""}"
candidate,stndt_lite,ensemble_repeat,depth5_spike125_cosine_warmup5_pair,202,0.37109915455840436,0.9000530299667231,,"{""recipes"": [""depth5_dropout08"", ""lr0013_spike125_cosine_warmup5""], ""seed"": 202, ""weights"": ""equal""}"
candidate,stndt_lite,ensemble_repeat,lr0013_identity075_spike125_pair,202,0.37136231107646595,0.9011375903758415,,"{""recipes"": [""lr0013"", ""lr0013_identity075_spike125""], ""seed"": 202, ""weights"": ""equal""}"
candidate,stndt_lite,ensemble_repeat,depth5_identity075_spike125_pair,202,0.3726571202593703,0.9003385983498116,,"{""recipes"": [""depth5_dropout08"", ""lr0013_identity075_spike125""], ""seed"": 202, ""weights"": ""equal""}"
candidate,stndt_lite,ensemble_repeat,lr0013_depth5_spike125_pair,202,0.37373068135932913,0.9009735556649189,,"{""recipes"": [""lr0013"", ""depth5_dropout08_spike125""], ""seed"": 202, ""weights"": ""equal""}"
candidate,stndt_lite,ensemble_repeat,depth5_depth5_spike125_pair,202,0.3719758737335705,0.8961743503641717,,"{""recipes"": [""depth5_dropout08"", ""depth5_dropout08_spike125""], ""seed"": 202, ""weights"": ""equal""}"
candidate,stndt_lite,ensemble_repeat,lr0013_depth5_cosine_warmup5_pair,202,0.371081072313974,0.902865249043002,,"{""recipes"": [""lr0013"", ""depth5_dropout08_cosine_warmup5""], ""seed"": 202, ""weights"": ""equal""}"
candidate,stndt_lite,ensemble_repeat,depth5_depth5_cosine_warmup5_pair,202,0.370976622162793,0.900077178408071,,"{""recipes"": [""depth5_dropout08"", ""depth5_dropout08_cosine_warmup5""], ""seed"": 202, ""weights"": ""equal""}"
